Activities,code
Sleep,t010101
Sleep,t010199
self-care,t010301
self-care,t010399
self-care,t010401
self-care,t010499
self-care,t019999
Household,t020101
Household,t020102
Household,t020103
Household,t020104
Household,t020199
Household,t020201
Household,t020202
Household,t020203
Household,t020299
Household,t020301
Household,t020302
Household,t020303
Household,t020399
Household,t020401
Household,t020402
Household,t020499
Household,t020501
Household,t020502
Household,t020599
Household,t020681
Household,t020699
Household,t020701
Household,t020799
Household,t020801
Household,t020899
Household,t020901
Household,t020902
Household,t020903
Household,t020904
Household,t020905
Household,t020999
Household,t029999
work,t050101
work,t050102
work,t050103
work,t050189
work,t050201
work,t050202
work,t050203
work,t050204
work,t050289
work,t050301
work,t050302
work,t050303
work,t050304
work,t050389
work,t050403
work,t059999
recreation and socialising,t120101
recreation and socialising,t120199
recreation and socialising,t120201
recreation and socialising,t120202
recreation and socialising,t120299
recreation and socialising,t120301
recreation and socialising,t120302
recreation and socialising,t120303
recreation and socialising,t120304
recreation and socialising,t120305
recreation and socialising,t120306
recreation and socialising,t120307
recreation and socialising,t120308
recreation and socialising,t120309
recreation and socialising,t120310
recreation and socialising,t120311
recreation and socialising,t120312
recreation and socialising,t120313
recreation and socialising,t120399
recreation and socialising,t120401
recreation and socialising,t120402
recreation and socialising,t120403
recreation and socialising,t120404
recreation and socialising,t120405
recreation and socialising,t120499
recreation and socialising,t120501
recreation and socialising,t120502
recreation and socialising,t120503
recreation and socialising,t120504
recreation and socialising,t120599
recreation and socialising,t129999
recreation and socialising,t130101
recreation and socialising,t130102
recreation and socialising,t130103
recreation and socialising,t130104
recreation and socialising,t130105
recreation and socialising,t130106
recreation and socialising,t130107
recreation and socialising,t130108
recreation and socialising,t130109
recreation and socialising,t130110
recreation and socialising,t130111
recreation and socialising,t130112
recreation and socialising,t130113
recreation and socialising,t130114
recreation and socialising,t130115
recreation and socialising,t130116
recreation and socialising,t130117
recreation and socialising,t130118
recreation and socialising,t130119
recreation and socialising,t130120
recreation and socialising,t130121
recreation and socialising,t130122
recreation and socialising,t130123
recreation and socialising,t130124
recreation and socialising,t130125
recreation and socialising,t130126
recreation and socialising,t130127
recreation and socialising,t130128
recreation and socialising,t130129
recreation and socialising,t130130
recreation and socialising,t130131
recreation and socialising,t130132
recreation and socialising,t130133
recreation and socialising,t130134
recreation and socialising,t130135
recreation and socialising,t130136
recreation and socialising,t130199
recreation and socialising,t130201
recreation and socialising,t130202
recreation and socialising,t130203
recreation and socialising,t130204
recreation and socialising,t130205
recreation and socialising,t130206
recreation and socialising,t130207
recreation and socialising,t130208
recreation and socialising,t130209
recreation and socialising,t130210
recreation and socialising,t130211
recreation and socialising,t130212
recreation and socialising,t130213
recreation and socialising,t130214
recreation and socialising,t130215
recreation and socialising,t130216
recreation and socialising,t130217
recreation and socialising,t130218
recreation and socialising,t130219
recreation and socialising,t130220
recreation and socialising,t130221
recreation and socialising,t130222
recreation and socialising,t130223
recreation and socialising,t130224
recreation and socialising,t130225
recreation and socialising,t130226
recreation and socialising,t130227
recreation and socialising,t130228
recreation and socialising,t130229
recreation and socialising,t130230
recreation and socialising,t130231
recreation and socialising,t130232
recreation and socialising,t130299
recreation and socialising,t130301
recreation and socialising,t130302
recreation and socialising,t130399
recreation and socialising,t130401
recreation and socialising,t130402
recreation and socialising,t130499
recreation and socialising,t139999
traveling,t180101
traveling,t180199
traveling,t180280
traveling,t180381
traveling,t180382
traveling,t180399
traveling,t180481
traveling,t180482
traveling,t180499
traveling,t180501
traveling,t180502
traveling,t180589
traveling,t180601
traveling,t180682
traveling,t180699
traveling,t180701
traveling,t180782
traveling,t180801
traveling,t180802
traveling,t180803
traveling,t180804
traveling,t180805
traveling,t180806
traveling,t180807
traveling,t180899
traveling,t180901
traveling,t180902
traveling,t180903
traveling,t180904
traveling,t180905
traveling,t180999
traveling,t181002
traveling,t181081
traveling,t181099
traveling,t181101
traveling,t181199
traveling,t181201
traveling,t181202
traveling,t181204
traveling,t181283
traveling,t181299
traveling,t181301
traveling,t181302
traveling,t181399
traveling,t181401
traveling,t181499
traveling,t181501
traveling,t181599
traveling,t181601
traveling,t181699
traveling,t181801
traveling,t181899
traveling,t189999
traveling,t500101
traveling,t500103
traveling,t500104
traveling,t500105
traveling,t500106
traveling,t500107
traveling,t509989
