code,type,description
t130201,Watching Sport,Watching aerobics
t130202,Watching Sport,Watching baseball
t130203,Watching Sport,Watching basketball
t130204,Watching Sport,Watching biking
t130205,Watching Sport,Watching billiards
t130206,Watching Sport,Watching boating
t130207,Watching Sport,Watching bowling
t130208,Watching Sport,"Watching climbing, spelunking, caving"
t130209,Watching Sport,Watching dancing
t130210,Watching Sport,Watching equestrian sports
t130211,Watching Sport,Watching fencing
t130212,Watching Sport,Watching fishing
t130213,Watching Sport,Watching football
t130214,Watching Sport,Watching golfing
t130215,Watching Sport,Watching gymnastics
t130216,Watching Sport,Watching hockey
t130217,Watching Sport,Watching martial arts 
t130218,Watching Sport,Watching racquet sports
t130219,Watching Sport,Watching rodeo competitions
t130220,Watching Sport,Watching rollerblading
t130221,Watching Sport,Watching rugby
t130222,Watching Sport,Watching running
t130223,Watching Sport,"Watching skiing, ice skating, snowboarding"
t130224,Watching Sport,Watching soccer
t130225,Watching Sport,Watching softball
t130226,Watching Sport,Watching vehicle touring/racing
t130227,Watching Sport,Watching volleyball
t130228,Watching Sport,Watching walking
t130229,Watching Sport,Watching water sports
t130230,Watching Sport,Watching weightlifting/strength training
t130231,Watching Sport,"Watching people working out, unspecified"
t130232,Watching Sport,Watching wrestling
t120501,Waiting,Waiting assoc. w/socializing & communicating
t120502,Waiting,Waiting assoc. w/attending/hosting social events
t120503,Waiting,Waiting associated with relaxing/leisure
t120504,Waiting,Waiting associated with arts & entertainment
t120599,Waiting,"Waiting associated with socializing, n.e.c.*"
t130301,Waiting,Waiting related to playing sports or exercising
t130302,Waiting,Waiting related to attending sporting events
t130399,Waiting,"Waiting associated with sports, exercise, & recreation, n.e.c.*"
t130401,Waiting,Security related to playing sports or exercising
t130402,Waiting,Security related to attending sporting events
t130499,Waiting,"Security related to sports, exercise, & recreation, n.e.c.*"
t120303,TV,Television and movies (not religious)
t120304,TV,Television (religious)
t130101,Sport,Doing aerobics
t130102,Sport,Playing baseball
t130103,Sport,Playing basketball
t130104,Sport,Biking
t130105,Sport,Playing billiards
t130106,Sport,Boating
t130107,Sport,Bowling 
t130108,Sport,"Climbing, spelunking, caving"
t130109,Sport,Dancing
t130110,Sport,Participating in equestrian sports
t130111,Sport,Fencing
t130112,Sport,Fishing
t130113,Sport,Playing football
t130114,Sport,Golfing
t130115,Sport,Doing gymnastics
t130116,Sport,Hiking
t130117,Sport,Playing hockey
t130118,Sport,Hunting
t130119,Sport,Participating in martial arts
t130120,Sport,Playing racquet sports 
t130121,Sport,Participating in rodeo competitions
t130122,Sport,Rollerblading
t130123,Sport,Playing rugby
t130124,Sport,Running
t130125,Sport,"Skiing, ice skating, snowboarding"
t130126,Sport,Playing soccer
t130127,Sport,Softball
t130128,Sport,Using cardiovascular equipment
t130129,Sport,Vehicle touring/racing
t130130,Sport,Playing volleyball
t130131,Sport,Walking
t130132,Sport,Participating in water sports
t130133,Sport,Weightlifting/strength training
t130134,Sport,"Working out, unspecified"
t130135,Sport,Wrestling
t130136,Sport,Doing yoga
t130199,Sport,Playing sports n.e.c.*
t130299,Sport,"Attending sporting events, n.e.c.*"
t139999,Sport,"Sports, exercise, & recreation, n.e.c.*"
t120101,Socialising,Socializing and communicating with others
t120199,Socialising,"Socializing and communicating, n.e.c.*"
t120201,Socialising,Attending or hosting parties/receptions/ceremonies
t120202,Socialising,Attending meetings for personal interest (not volunteering)
t120299,Socialising,"Attending/hosting social events, n.e.c.*"
t129999,Socialising,"Socializing, relaxing, and leisure, n.e.c.*"
t120301,Relaxing,"Relaxing, thinking "
t120399,Relaxing,"Relaxing and leisure, n.e.c.*"
t120305,Radio,Listening to the radio
t120306,Radio,Listening to/playing music (not radio)
t120302,Gambling and Drug,Tobacco and drug use
t120404,Gambling and Drug,Attending gambling establishments
t120307,Computer,Playing games
t120308,Computer,Computer use for leisure (exc. Games)
t120309,Arts,Arts and crafts as a hobby
t120310,Arts,Collecting as a hobby
t120311,Arts,"Hobbies, except arts & crafts and collecting"
t120312,Arts,Reading for personal interest
t120313,Arts,Writing for personal interest 
t120401,Arts,Attending performing arts
t120402,Arts,Attending museums
t120403,Arts,Attending movies/film
t120405,Arts,Security procedures rel. to arts & entertainment
t120499,Arts,"Arts and entertainment, n.e.c.*"
